imei,app_id,user_region,cpu_average_pct,cpu_peak_pct,foreground_minutes,background_minutes,download_date,uninstall_date,alive_days
861547211891483,app001,北京,15.2,35.6,120,45,2023-01-01,2023-02-15,45
860831379667499,app001,上海,12.5,28.9,95,60,2023-01-05,,30
865185221064102,app002,北京,18.7,42.3,85,75,2023-01-10,2023-01-15,5
865427652670075,app002,广州,22.1,48.5,110,90,2023-01-12,2023-02-20,39
865496201525814,app003,深圳,9.8,25.4,150,30,2023-01-15,,25
866598435113103,app003,北京,25.3,55.7,75,120,2023-01-18,2023-01-25,7
863773770285504,app004,上海,14.6,32.8,130,55,2023-01-20,,20
864066728594815,app004,广州,19.2,44.6,100,80,2023-01-22,2023-02-10,19
862589618502402,app005,深圳,11.3,27.5,140,40,2023-01-25,,15
865314583958824,app005,北京,28.4,62.1,65,130,2023-01-28,2023-02-05,8
860528179838572,app001,广州,16.8,38.2,105,65,2023-02-01,,10
860934166402383,app002,上海,21.5,47.3,90,85,2023-02-03,2023-02-08,5
867011542918245,app003,北京,10.2,26.8,145,35,2023-02-05,,7
868100555743805,app004,深圳,24.7,53.9,80,115,2023-02-08,2023-02-18,10
869491358531529,app005,广州,13.9,31.2,125,50,2023-02-10,,5
866328787745879,app001,深圳,27.6,59.4,70,125,2023-02-12,2023-02-17,5
869043123227604,app002,北京,15.4,36.2,115,50,2023-02-15,,3
864565825044643,app003,上海,20.8,45.6,95,80,2023-02-18,2023-02-25,7
860684923712372,app004,广州,12.1,29.3,135,45,2023-02-20,,2
860191879917419,app005,北京,26.9,57.8,75,110,2023-02-22,2023-02-28,6
867533549157879,app005,广州,7.7,14.6,127,109,2023-01-26,2023-02-05,10
863928549558581,app003,北京,18.8,43.8,53,46,2023-01-12,2023-02-10,29
863386365155682,app005,北京,9.7,22.2,126,35,2023-02-08,,4
865882583686718,app002,北京,25.2,60.8,107,99,2023-01-31,,33
861399105980545,app004,深圳,28.5,58.9,68,115,2023-03-01,2023-03-01,33
865003622059901,app004,深圳,18.3,29.9,99,46,2023-02-22,,23
860337732392714,app001,广州,24.4,43.2,135,107,2023-02-18,,39
862256474237864,app001,深圳,27.9,57.5,114,52,2023-02-07,,20
867597112401934,app003,广州,26.1,57.3,134,75,2023-02-17,2023-03-01,36
866605795749553,app002,北京,17.3,36.4,136,123,2023-02-24,,19
869392719777889,app004,北京,16.1,27.4,67,127,2023-02-06,2023-02-16,10
860570676975940,app004,北京,16.5,41.2,113,119,2023-02-01,2023-02-08,7
867918366618709,app005,深圳,19.3,31.1,136,77,2023-01-08,,23
865256906034206,app005,深圳,24.3,39.3,60,129,2023-01-27,2023-02-14,18
867112237555781,app005,深圳,13.8,27.3,62,94,2023-01-11,2023-01-24,13
863222792910465,app004,上海,25.3,59.4,78,108,2023-01-01,,34
863226861229476,app001,上海,10.7,18.1,149,120,2023-01-19,,39
865119329688000,app002,深圳,5.9,14.6,66,69,2023-01-25,,34
869720991600860,app004,广州,18.3,38.7,108,44,2023-01-18,,26
869268971511880,app002,广州,26.7,52.8,87,118,2023-01-21,2023-02-14,24
865249092161614,app002,深圳,27.1,62.0,104,102,2023-01-11,,11
860683253824674,app005,深圳,13.5,23.1,96,39,2023-01-01,,38
868381644588405,app005,北京,6.1,9.6,101,100,2023-02-23,,39
861056615885891,app003,广州,13.0,23.6,139,72,2023-01-03,,19
866126372526808,app002,上海,14.0,29.2,99,51,2023-01-24,2023-03-01,40
863617292010279,app002,北京,10.7,23.5,83,37,2023-01-28,2023-02-18,21
860442671561096,app003,北京,16.1,25.6,148,106,2023-02-08,,14
868522825452525,app005,北京,17.8,40.7,130,60,2023-01-26,2023-03-01,45
860337205679629,app005,上海,16.7,37.6,98,61,2023-01-15,,44
863135136264540,app004,广州,8.1,12.4,128,69,2023-02-20,,23
866293987590305,app001,北京,23.6,36.4,123,56,2023-02-10,2023-02-17,7
869981725836385,app004,深圳,21.4,50.0,103,61,2023-03-01,2023-03-01,8
865234462407071,app004,上海,6.5,10.9,72,107,2023-01-26,2023-02-22,27
864958577422189,app002,北京,23.4,49.3,56,103,2023-01-20,,32
868651249995682,app005,北京,15.4,34.2,120,65,2023-02-06,,32
865052900076709,app005,深圳,16.4,30.0,69,125,2023-02-14,2023-03-01,22
864791939631521,app004,深圳,24.3,50.1,131,108,2023-01-11,,19
867308350516113,app004,广州,11.9,22.2,111,119,2023-02-04,,42
868696140885259,app004,广州,23.5,40.4,92,86,2023-01-22,2023-02-06,15
867902390534804,app001,深圳,25.3,41.1,98,48,2023-01-10,2023-01-21,11
865610576681653,app003,广州,5.0,8.7,127,41,2023-02-17,2023-02-20,3
868291619432551,app005,北京,5.3,11.4,132,79,2023-02-22,,23
861655550191657,app004,上海,5.2,10.5,99,113,2023-02-14,2023-02-18,4
864851966938552,app002,深圳,26.2,53.3,111,98,2023-01-18,,37
864014668316701,app003,深圳,22.3,52.6,115,100,2023-01-18,,29
864709386704521,app002,北京,23.1,45.1,120,68,2023-02-24,2023-03-01,27
869768652927131,app001,广州,24.7,40.6,93,30,2023-02-14,,8
866128585332199,app003,北京,15.5,32.3,78,114,2023-01-18,2023-01-19,1
860538777311066,app005,深圳,20.5,50.3,133,75,2023-02-13,,39
865099961201289,app005,广州,27.9,67.3,94,43,2023-02-01,,41
862681820248524,app001,北京,24.3,38.4,147,98,2023-01-26,2023-03-01,44
863921435677227,app004,北京,9.5,22.2,70,104,2023-02-27,,31
860076290320746,app001,北京,20.7,50.6,106,36,2023-01-01,2023-01-20,19
867845862382356,app004,深圳,7.0,16.9,65,112,2023-02-17,2023-02-22,5
868806819922028,app004,北京,11.3,18.4,132,59,2023-02-01,,31
866718481772536,app003,上海,29.6,60.1,76,32,2023-01-06,,26
860406270777219,app004,上海,18.4,28.4,101,100,2023-01-27,2023-03-01,42
864476855040747,app003,北京,29.0,53.2,109,99,2023-02-26,,19
861139806048939,app003,北京,7.5,12.3,57,54,2023-02-27,,5
864096801529614,app005,深圳,5.0,10.7,54,43,2023-02-16,,32
868731522376171,app004,上海,7.4,18.5,57,101,2023-01-22,,5
866784007073205,app003,上海,22.9,55.5,92,75,2023-01-22,,13
861556755988434,app002,广州,29.4,65.9,122,123,2023-01-24,2023-01-30,6
866486742569774,app003,上海,18.3,35.8,118,105,2023-01-05,,3
862724795550026,app002,北京,15.0,31.8,94,87,2023-01-17,2023-02-19,33
868484819215349,app004,深圳,5.1,11.0,54,65,2023-02-21,2023-03-01,13
863489841682707,app002,广州,23.5,50.6,81,82,2023-01-16,2023-02-18,33
865553536721247,app001,广州,14.2,26.6,118,44,2023-01-09,2023-02-17,39
868202901755715,app003,广州,8.9,13.7,126,119,2023-01-13,,20
865469875625749,app001,深圳,27.9,45.0,147,124,2023-02-02,2023-02-07,5
868166737089171,app005,广州,24.2,59.7,55,45,2023-02-11,2023-03-01,21
867577533045876,app001,广州,21.8,43.2,90,78,2023-02-10,,30
861965284907298,app004,上海,20.5,47.4,90,121,2023-02-16,,31
863968140408025,app005,北京,26.9,47.4,126,127,2023-02-20,2023-03-01,43
861947357066767,app004,深圳,21.6,53.3,57,51,2023-01-18,,15
869267141082306,app003,北京,20.4,36.1,145,118,2023-02-06,,42
865693256354197,app002,广州,28.2,64.5,139,117,2023-01-23,2023-01-26,3
869987692597234,app003,上海,12.3,19.2,106,37,2023-01-23,2023-02-08,16
869664139248543,app005,上海,13.8,26.2,131,85,2023-02-08,2023-02-14,6
862933711008639,app005,广州,21.8,51.4,58,34,2023-01-29,,19
865238446198526,app005,上海,9.3,21.3,97,32,2023-01-11,2023-02-25,45
863322568725289,app005,上海,25.9,63.2,117,70,2023-01-12,2023-02-15,34
863081366014700,app004,广州,26.4,46.3,135,30,2023-02-16,2023-02-28,12
862064017456349,app004,深圳,23.5,38.8,54,89,2023-01-23,2023-02-08,16
867998896137781,app005,上海,29.7,50.8,125,98,2023-01-23,2023-03-01,43
864648024940925,app005,深圳,8.7,16.1,136,126,2023-01-29,,26
869770488556225,app003,广州,8.9,17.1,99,32,2023-01-28,,29
865337813812862,app003,深圳,9.1,18.5,96,101,2023-02-20,2023-03-01,40
860051910267352,app005,北京,26.6,40.4,80,93,2023-02-10,,24
861966016784122,app005,广州,5.9,14.5,90,88,2023-02-14,,23
861775965619285,app004,深圳,13.2,19.9,111,41,2023-01-06,,38
862146290987260,app004,深圳,9.1,22.3,72,74,2023-02-18,2023-03-01,27
867934357343716,app002,北京,15.4,37.1,63,104,2023-02-06,2023-02-10,4
864574111133649,app004,北京,13.5,26.3,115,35,2023-02-17,2023-03-01,28
860894749981951,app005,深圳,29.6,60.0,125,69,2023-02-08,,11
865183070355391,app005,北京,24.0,38.2,128,95,2023-02-15,2023-03-01,14
860291286428854,app001,广州,25.9,43.5,134,103,2023-01-29,,8
860242403445885,app003,上海,12.1,18.3,61,43,2023-02-27,2023-03-01,2
860946869184000,app001,广州,10.5,20.6,71,68,2023-01-21,,40
862543769685228,app003,广州,8.8,20.8,87,101,2023-02-10,2023-02-28,18
860325283685561,app002,广州,25.9,50.6,70,57,2023-02-07,2023-02-12,5
865115720356015,app005,深圳,12.0,20.0,67,31,2023-01-21,,20
867081016126720,app001,上海,8.2,19.7,110,122,2023-02-23,2023-02-26,3
865833660763962,app003,深圳,25.0,61.8,121,49,2023-02-07,,33
869413353538579,app005,深圳,18.5,30.1,149,75,2023-02-12,,16
866113017315413,app004,上海,25.9,45.0,67,97,2023-02-20,,42
867660078529766,app001,深圳,26.2,40.3,63,98,2023-01-15,2023-02-08,24
863566221370456,app003,广州,12.9,23.8,123,87,2023-02-13,,29
868710319716340,app004,上海,29.8,47.2,142,63,2023-02-25,,10
867688963427031,app005,上海,16.4,29.1,129,67,2023-01-27,,25
867731849418409,app003,深圳,20.3,49.9,107,49,2023-01-13,2023-02-11,29
862282516048416,app001,广州,28.1,68.8,119,79,2023-02-08,2023-02-26,18
864599597822822,app001,深圳,20.2,35.9,53,82,2023-02-03,2023-02-06,3
861792513035627,app001,深圳,20.5,42.4,137,96,2023-02-12,,27
861153562593073,app004,北京,5.2,9.4,81,34,2023-02-21,,27
869638703856977,app002,上海,15.8,32.7,58,114,2023-02-25,2023-03-01,21
864842740959548,app003,北京,27.9,42.9,121,107,2023-02-11,,10
869191656491736,app005,北京,18.1,43.4,86,77,2023-03-01,2023-03-01,15
868852323041901,app002,北京,21.5,32.7,127,108,2023-02-28,2023-03-01,13
863861430675742,app005,北京,9.2,14.0,109,43,2023-02-25,2023-03-01,26
861956865927409,app001,上海,26.3,48.2,110,123,2023-01-30,,7
861207760386141,app001,广州,9.4,20.8,56,54,2023-01-14,,9
865977951945352,app005,广州,14.0,23.0,121,97,2023-02-25,,9
862468015913791,app003,北京,10.7,22.2,71,123,2023-02-19,2023-03-01,44
868174241470121,app002,广州,6.9,16.3,141,43,2023-01-08,,43
867947973624708,app004,广州,15.7,36.6,129,92,2023-01-20,,20
864128514926466,app001,上海,9.9,15.7,127,50,2023-01-05,2023-01-24,19
861977147939287,app005,广州,6.8,16.7,115,101,2023-01-02,,42
865423778903136,app001,上海,29.0,70.8,60,69,2023-02-08,2023-03-01,34
862368169753887,app001,广州,22.1,43.0,140,70,2023-02-14,,11
860848901529712,app003,广州,8.8,21.4,90,85,2023-02-15,2023-03-01,20
869901970224199,app003,深圳,9.5,22.1,60,76,2023-01-14,2023-02-19,36
861270053208224,app004,深圳,28.1,52.9,87,98,2023-02-03,,3
864137264327988,app002,上海,28.6,57.0,129,129,2023-01-04,2023-02-15,42
866637747940823,app003,上海,11.2,25.9,103,115,2023-01-05,2023-02-18,44
866481268140057,app001,广州,23.8,45.0,136,98,2023-01-24,2023-02-16,23
865049485428042,app005,北京,11.1,25.7,61,89,2023-01-15,,23
862088504524540,app005,广州,6.3,14.0,133,33,2023-02-07,2023-02-18,11
865687901457318,app001,深圳,13.2,30.5,134,119,2023-01-17,2023-03-01,43
862416332232646,app004,北京,28.0,69.0,150,73,2023-02-21,2023-03-01,26
867408674548514,app002,广州,20.8,50.9,148,68,2023-02-07,,41
860934161619288,app001,深圳,16.0,30.9,103,83,2023-02-28,,5
864713427472029,app005,深圳,24.9,37.6,59,40,2023-01-07,,11
866577411672428,app003,深圳,5.3,8.7,142,43,2023-02-12,2023-02-21,9
861184909661540,app001,深圳,22.1,46.1,121,35,2023-02-28,,40
861772396598646,app001,深圳,22.0,43.0,50,49,2023-02-20,,21
867789295465216,app005,北京,11.2,18.0,92,32,2023-01-20,2023-02-03,14
861635733212038,app002,深圳,10.7,18.5,136,68,2023-02-12,,3
860841467479250,app002,广州,22.5,55.7,111,54,2023-02-13,2023-03-01,22
868984843810295,app005,深圳,13.1,29.5,127,80,2023-02-12,,20
866449594750469,app003,上海,18.4,39.0,96,63,2023-01-11,2023-02-08,28
863518781383892,app004,上海,12.3,20.5,135,79,2023-02-24,,11
860845256282800,app002,北京,30.0,66.7,142,101,2023-02-10,2023-02-20,10
865154633951735,app003,深圳,27.8,46.9,141,46,2023-02-13,,7
865526932997630,app002,深圳,16.2,27.2,114,50,2023-02-08,2023-03-01,33
868295066172003,app003,广州,18.3,34.7,134,69,2023-01-12,2023-01-13,1
866013000005850,app001,广州,21.7,43.5,79,61,2023-01-10,,2
861415357946263,app001,深圳,11.3,27.1,118,91,2023-01-28,2023-02-02,5
866939537300883,app004,上海,9.3,17.0,122,79,2023-01-19,2023-02-09,21
860907121738479,app004,深圳,8.0,14.2,60,43,2023-01-07,,29
866518046015628,app001,北京,23.9,37.7,82,53,2023-01-26,2023-02-17,22
863507378342898,app003,广州,10.0,24.2,85,67,2023-01-27,2023-02-02,6
866641581883238,app001,深圳,21.4,48.8,113,77,2023-01-26,2023-02-02,7
866642041974644,app003,上海,7.8,12.6,120,77,2023-01-11,2023-02-01,21
865649835324680,app001,深圳,28.3,46.9,115,102,2023-02-15,2023-02-26,11
864689371943210,app004,广州,16.9,37.8,122,50,2023-02-09,,26
862258464931661,app001,北京,12.3,29.9,71,84,2023-01-14,,3
865326357827774,app005,北京,19.6,35.2,85,60,2023-02-03,,10
863437469002701,app001,上海,17.6,43.2,80,60,2023-02-26,,10
864309823058852,app005,广州,5.0,10.9,148,72,2023-02-19,2023-03-01,25
868392454829603,app002,深圳,24.4,55.7,77,84,2023-02-14,2023-03-01,18
868578909871717,app004,北京,17.4,38.1,150,121,2023-02-25,2023-03-01,37
867451962201098,app002,上海,8.5,17.0,59,70,2023-02-19,2023-03-01,15
864503745516794,app005,北京,7.5,18.7,88,122,2023-01-31,,32
869939783827620,app005,北京,27.2,59.5,78,96,2023-02-03,2023-02-14,11
863310265862814,app003,深圳,17.0,34.8,79,127,2023-02-15,2023-03-01,18
860352745279961,app004,深圳,8.9,21.1,100,71,2023-02-01,,21
865971838178484,app001,广州,18.5,28.0,127,117,2023-02-23,,26
868939124820428,app005,广州,21.1,38.9,93,66,2023-02-24,,30
863708366117248,app005,上海,8.7,13.6,101,37,2023-02-18,2023-03-01,45
862804151619307,app005,广州,15.3,25.6,149,91,2023-01-12,,6
862801391203648,app005,广州,16.8,36.3,113,111,2023-02-27,,32
866927350540221,app004,北京,17.1,29.7,62,102,2023-01-13,,36
860191029986631,app003,广州,27.0,50.0,110,81,2023-01-12,2023-01-26,14
865877500745669,app003,北京,28.6,70.9,81,104,2023-01-13,,5
869029684951357,app004,上海,25.6,53.7,120,45,2023-02-10,,20
860812049972711,app002,北京,10.2,24.4,146,37,2023-02-24,2023-03-01,27
863767547847459,app001,上海,22.8,35.0,87,74,2023-02-15,,21
864586022844260,app004,广州,19.4,38.7,54,73,2023-02-08,,13
860971474285039,app001,上海,24.4,39.3,101,110,2023-02-14,,19
866262926528236,app001,北京,8.1,19.3,111,36,2023-01-19,2023-02-15,27
868951003942060,app002,深圳,24.8,58.5,123,114,2023-02-22,,19
867586157043936,app003,广州,27.2,42.4,67,46,2023-01-21,,29
867543002042602,app001,深圳,21.1,47.7,117,104,2023-01-04,2023-02-16,43
867810585274047,app001,深圳,6.1,11.0,141,79,2023-03-01,2023-03-01,45
867752379667786,app005,广州,7.0,12.9,95,65,2023-01-21,,8
866939197235873,app001,广州,18.2,34.2,77,54,2023-01-28,,34
864659100764843,app001,广州,9.8,18.3,125,89,2023-02-28,,23
863400499022340,app005,上海,29.6,63.4,52,74,2023-01-23,,41
862406426551706,app002,北京,7.6,12.5,72,30,2023-02-02,2023-02-14,12
865475029245372,app004,广州,9.1,16.1,97,123,2023-01-11,2023-01-17,6
867218832417347,app001,广州,13.6,23.7,54,116,2023-02-06,,37
863819759864345,app005,广州,24.2,41.3,96,87,2023-01-30,,6
862821653464091,app001,深圳,9.2,21.0,72,102,2023-01-29,2023-02-16,18
866831445067034,app004,上海,20.6,40.1,113,66,2023-01-18,,21
863059509728930,app003,广州,15.7,26.2,119,57,2023-01-15,2023-02-11,27
866524075085982,app003,上海,17.2,41.5,89,94,2023-01-11,,16
864040141246467,app005,北京,8.2,13.3,140,35,2023-01-01,,7
869766079429072,app003,广州,28.5,62.3,99,100,2023-01-26,,16
865336270454693,app004,北京,21.6,50.7,106,82,2023-01-11,2023-01-17,6
864856035154287,app004,深圳,16.7,39.4,90,106,2023-02-26,2023-03-01,34
861611813353061,app001,深圳,28.4,59.1,55,120,2023-01-17,2023-01-25,8
867994583025532,app002,北京,24.5,57.8,78,60,2023-02-04,2023-02-12,8
868980250374330,app001,深圳,17.4,28.9,88,90,2023-01-02,2023-01-16,14
866673238483422,app003,广州,29.1,51.5,101,70,2023-02-14,2023-03-01,21
866839764919237,app003,深圳,15.6,27.9,59,68,2023-02-05,2023-02-19,14
866033182170243,app005,上海,10.2,19.0,81,36,2023-01-03,2023-01-31,28
862487292061087,app005,北京,13.9,33.5,85,63,2023-01-18,2023-03-01,45
866744463330413,app005,上海,10.5,22.8,81,100,2023-01-07,2023-01-29,22
864799333058996,app004,深圳,17.8,36.5,73,49,2023-01-05,,45
863530793412723,app002,北京,18.5,42.8,90,118,2023-03-01,,1
868810747917499,app003,深圳,9.9,24.3,73,101,2023-01-15,2023-01-31,16
861130425247516,app005,北京,17.3,40.9,120,71,2023-02-06,,9
863731029082839,app002,深圳,15.7,24.8,79,83,2023-02-27,2023-03-01,35
863079091757389,app003,广州,17.5,34.4,128,123,2023-02-14,2023-02-18,4
867925428918395,app002,上海,29.7,67.9,90,76,2023-01-24,2023-02-05,12
860658076926316,app005,上海,28.1,52.8,110,57,2023-02-02,2023-03-01,45
864196368427723,app004,北京,21.9,38.3,53,76,2023-01-01,,8
861185969444374,app005,深圳,22.6,40.8,114,110,2023-01-04,2023-02-15,42
864071143546226,app005,上海,29.9,67.3,71,59,2023-01-26,2023-02-08,13
867288693841264,app005,深圳,18.1,44.4,58,85,2023-02-19,2023-02-22,3
868500992876291,app005,深圳,27.1,45.1,114,128,2023-02-26,,19
865224296348498,app004,北京,11.8,18.0,135,50,2023-03-01,2023-03-01,37
865253863106948,app005,广州,22.8,48.6,56,95,2023-02-16,,37
860241571162999,app002,上海,16.3,37.7,107,119,2023-03-01,2023-03-01,23
861649584871185,app001,北京,27.6,52.0,143,120,2023-02-26,,20
860329400607330,app001,北京,21.2,46.9,119,105,2023-02-22,,27
868243040608410,app005,深圳,24.3,53.8,91,112,2023-01-21,,9
869023640025894,app001,北京,7.5,12.7,150,54,2023-01-08,2023-01-15,7
865036509780825,app005,深圳,14.2,24.7,62,96,2023-02-04,2023-03-01,37
869205618378376,app003,上海,11.2,25.9,134,35,2023-01-04,2023-02-18,45
862699594987970,app002,深圳,7.9,16.7,92,55,2023-01-30,,24
864307411759709,app002,广州,9.7,22.9,86,121,2023-03-01,,42
866320266991233,app005,深圳,28.6,67.7,53,102,2023-01-26,2023-02-14,19
865036602674032,app004,北京,14.1,25.8,91,80,2023-02-13,,7
861947512875909,app001,广州,26.9,59.3,107,49,2023-01-23,,2
860613819435604,app001,北京,8.8,19.4,145,104,2023-02-05,,22
862036399741847,app002,北京,21.3,38.9,85,81,2023-02-12,,9
866996519395919,app003,北京,20.8,34.7,121,125,2023-02-10,,33
864576121336576,app004,广州,14.0,25.4,57,129,2023-02-18,,5
865899300223876,app005,上海,22.2,38.4,123,129,2023-01-21,2023-02-02,12
866978296862688,app004,深圳,17.9,44.6,129,46,2023-01-19,2023-01-30,11
869903030155132,app001,广州,14.1,21.5,122,73,2023-02-11,2023-03-01,31
867439503671607,app003,上海,11.0,17.7,89,79,2023-01-05,2023-01-16,11
865333461022498,app005,广州,11.2,26.8,56,38,2023-02-27,2023-03-01,44
863688342732810,app002,上海,6.7,11.9,150,111,2023-02-25,2023-03-01,35
865154100582763,app004,深圳,18.7,33.0,108,81,2023-02-24,,8
865480543386426,app001,深圳,29.1,46.5,101,111,2023-02-03,,32
862392259183944,app005,北京,14.9,28.3,76,37,2023-01-28,,40
862373521023407,app001,深圳,23.9,53.4,53,48,2023-01-07,,17
863676818540397,app005,北京,22.4,50.2,63,87,2023-01-20,,16
868567088523029,app003,上海,26.6,49.2,130,79,2023-02-05,,15
863100447632252,app005,上海,23.0,57.2,50,89,2023-02-21,,2
866290091747877,app002,上海,12.1,25.9,105,126,2023-02-06,,28
862548394836120,app003,上海,8.2,12.8,144,82,2023-02-25,,32
860894597911651,app003,上海,13.8,32.2,142,34,2023-02-23,,18
860543451742232,app004,上海,26.8,54.7,95,85,2023-01-30,,23
865612633040716,app002,上海,12.8,23.7,50,60,2023-02-16,,8
863145902331833,app003,广州,20.6,41.4,110,44,2023-01-18,2023-02-14,27
868796740579046,app005,深圳,5.2,12.0,60,113,2023-01-22,,7
864892843073294,app004,上海,27.1,41.7,118,69,2023-01-09,2023-01-17,8
860691811666741,app001,广州,16.1,35.1,126,97,2023-02-13,,11
868714524125503,app001,上海,23.1,55.5,82,96,2023-02-01,2023-02-05,4
865822755855916,app005,上海,20.7,36.2,141,31,2023-01-30,,15
862399848591880,app005,深圳,14.0,34.9,111,78,2023-01-18,,37
867752504102918,app002,上海,28.5,57.6,93,45,2023-02-23,2023-03-01,27
861591950517091,app001,深圳,12.2,25.9,146,64,2023-02-09,,13
863030087368508,app005,北京,20.1,44.7,63,40,2023-01-05,,6
864379971213643,app004,深圳,10.5,22.5,75,82,2023-02-21,2023-02-23,2
867503060250286,app002,深圳,8.9,21.6,65,118,2023-02-06,,36
866400667574737,app002,北京,23.4,53.5,78,100,2023-01-30,,34
866017753327262,app005,广州,10.4,21.4,145,87,2023-02-26,,32
864143698640294,app002,北京,25.8,39.4,135,81,2023-01-19,,25
868433946606253,app002,上海,24.6,55.1,124,119,2023-01-27,2023-02-09,13
866994084689305,app001,深圳,7.0,16.6,133,95,2023-01-02,,40
868988783175129,app003,广州,15.3,32.5,135,44,2023-01-17,2023-02-01,15
868412892842406,app005,上海,19.0,28.5,142,95,2023-02-10,,1
865282617212406,app003,上海,14.2,31.2,114,57,2023-01-10,,17
869271108380546,app004,广州,27.5,58.7,53,54,2023-02-28,,8
863039849962445,app002,深圳,24.2,53.7,83,115,2023-02-19,2023-03-01,21
860756715877860,app005,北京,22.9,38.1,129,128,2023-02-25,2023-03-01,5
864703236982371,app003,广州,17.9,40.2,109,59,2023-02-20,2023-03-01,43
860496313841020,app001,上海,9.3,22.9,59,101,2023-02-24,,23
868071264286341,app004,上海,17.3,26.4,147,60,2023-01-21,,4
860986950869326,app005,深圳,27.0,47.0,79,85,2023-02-17,2023-03-01,30
860659624322261,app001,北京,18.5,39.5,66,104,2023-01-20,2023-02-10,21
860287854203353,app002,深圳,29.4,44.2,86,98,2023-02-19,2023-03-01,12
864146425300662,app004,北京,17.6,42.6,130,64,2023-03-01,,25
867964909473885,app004,上海,5.9,9.7,118,56,2023-01-12,,4
868641876525454,app003,广州,11.7,24.6,90,119,2023-02-24,,32
864402479920047,app005,深圳,20.6,32.6,50,101,2023-02-02,,23
861742900798198,app005,北京,26.4,57.2,55,59,2023-02-27,,23
865905629374331,app004,上海,25.8,64.4,136,129,2023-01-18,,3
866825725113098,app004,深圳,25.7,59.8,125,116,2023-02-06,,43
862258582965956,app004,上海,16.6,35.1,118,101,2023-01-12,2023-01-21,9
866354230052668,app004,北京,9.5,18.3,91,129,2023-02-24,2023-03-01,22
867728855138640,app002,上海,20.3,33.6,110,95,2023-01-21,,33
862976934012747,app001,广州,11.0,18.0,102,42,2023-01-03,,34
869056566647676,app002,深圳,15.4,29.3,109,96,2023-01-22,,3
862588664040690,app004,北京,26.8,48.8,89,116,2023-01-21,,21
861295099231231,app003,上海,10.3,25.7,51,102,2023-01-29,,44
860142525957044,app003,深圳,6.1,10.4,105,38,2023-01-02,,25
861591097757993,app005,深圳,12.4,26.3,91,98,2023-01-08,2023-02-11,34
862540311621074,app003,上海,28.0,51.5,105,106,2023-01-31,,35
869158203441321,app005,深圳,28.5,44.2,58,32,2023-02-11,2023-02-23,12
869441948943623,app005,上海,28.0,59.7,54,66,2023-01-17,,37
864223913141461,app001,深圳,17.7,42.4,146,95,2023-02-23,2023-03-01,16
860365112329898,app003,广州,24.4,37.3,147,81,2023-01-23,2023-02-28,36
869942769873023,app004,北京,15.7,35.0,85,116,2023-02-21,,39
867142928211981,app003,深圳,18.9,29.2,119,116,2023-01-21,2023-02-13,23
860188691866002,app001,上海,26.1,63.8,90,75,2023-01-31,2023-03-01,36
860233084181073,app005,北京,11.1,21.2,85,36,2023-01-30,,19
861931538686240,app001,上海,17.2,31.7,124,54,2023-02-09,,29
868149861478003,app001,北京,7.5,11.4,67,51,2023-01-28,2023-02-04,7
867539735673833,app005,上海,19.6,33.2,98,113,2023-02-20,2023-03-01,34
868329626262360,app004,上海,6.1,9.6,85,114,2023-01-07,,10
865706032923280,app005,北京,11.7,25.0,148,35,2023-02-09,,4
865862270029164,app004,广州,17.1,28.1,94,73,2023-02-08,,27
862861757665834,app005,深圳,20.9,35.0,63,94,2023-01-19,2023-02-28,40
869892974703678,app002,广州,18.2,43.0,84,88,2023-02-06,,21
861237813381126,app005,广州,25.6,47.6,100,125,2023-01-03,,28
869316793771179,app003,上海,21.3,44.8,105,128,2023-01-28,2023-03-01,41
863727506555080,app002,上海,10.7,17.2,96,40,2023-01-18,2023-02-19,32
860844151662994,app005,广州,10.8,16.3,144,49,2023-01-29,2023-02-16,18
860098788176539,app001,北京,27.3,60.4,66,38,2023-02-25,2023-03-01,41
867113367386273,app004,深圳,15.9,36.8,105,58,2023-01-23,,17
863755302601171,app002,上海,17.6,39.8,115,32,2023-01-31,2023-03-01,29
869376252922870,app004,广州,6.6,14.1,131,68,2023-02-04,2023-02-14,10
868756534250463,app005,深圳,11.8,26.2,110,43,2023-01-10,,17
865083639424229,app004,广州,24.3,40.2,106,52,2023-01-24,,13
867742389610785,app004,广州,20.4,38.3,81,39,2023-02-24,,25
864662449147117,app005,深圳,17.4,37.5,119,91,2023-02-25,,11
869917984761102,app004,北京,15.9,36.3,93,100,2023-01-19,2023-02-25,37
862006368973719,app001,广州,6.6,15.1,113,76,2023-01-04,2023-01-11,7
864406302936642,app001,广州,17.5,35.5,68,79,2023-02-24,2023-03-01,35
861431955885362,app005,北京,5.5,9.5,133,62,2023-03-01,2023-03-01,18
864176945967425,app002,深圳,5.6,9.1,118,113,2023-01-18,2023-01-27,9
861455034572661,app003,广州,19.6,45.7,58,96,2023-01-03,2023-02-08,36
866170503613365,app004,上海,5.1,10.4,115,59,2023-01-31,,44
867689286183601,app005,上海,6.6,12.6,119,61,2023-02-27,2023-03-01,11
864023524085232,app002,深圳,9.9,22.6,147,35,2023-02-27,2023-03-01,8
861927097190236,app002,广州,27.3,52.8,102,128,2023-02-17,,38
868053814216347,app001,深圳,24.6,45.4,121,126,2023-02-13,,34
860332403714347,app003,广州,28.0,54.2,57,76,2023-01-20,2023-02-25,36
867711555449606,app004,上海,12.4,27.3,61,99,2023-01-02,,32
863048882040534,app001,广州,24.1,55.2,77,57,2023-01-13,2023-01-19,6
866814907391299,app002,北京,21.0,37.0,130,86,2023-01-05,2023-02-14,40
869424184608965,app001,广州,7.4,15.3,148,124,2023-02-07,,34
868790789549512,app001,上海,27.9,56.4,77,102,2023-02-20,,32
863107417205456,app002,上海,28.7,68.6,138,63,2023-01-01,2023-01-03,2
864378237850818,app002,上海,30.0,48.4,123,43,2023-01-20,,12
868662622430837,app004,北京,14.6,23.5,79,31,2023-02-08,,25
866780798864020,app003,北京,20.3,37.9,56,111,2023-01-23,,24
861840239223389,app001,北京,5.1,7.8,58,34,2023-01-03,2023-01-07,4
861045132472058,app003,深圳,27.5,62.5,99,52,2023-01-29,,31
866017926573060,app005,广州,19.2,45.6,109,100,2023-02-08,2023-02-18,10
864067252088793,app004,上海,14.9,30.0,78,62,2023-01-17,2023-01-25,8
869289252171525,app004,上海,9.5,16.5,128,75,2023-01-31,,38
862220172535613,app001,北京,24.8,45.4,121,118,2023-01-21,,26
863473627000730,app001,上海,12.7,26.4,84,83,2023-02-20,,22
862064158384633,app002,上海,23.3,41.8,130,109,2023-01-12,,40
862851130944122,app003,广州,18.7,40.8,61,48,2023-01-24,2023-02-01,8
866542084062948,app003,广州,8.0,14.1,73,39,2023-02-18,,11
866853144702722,app003,广州,15.9,27.2,98,110,2023-01-25,,8
864233120830646,app003,北京,22.9,49.2,99,39,2023-01-04,,1
864212691875776,app003,深圳,28.4,61.0,141,98,2023-01-20,,10
866423770753342,app003,上海,19.9,46.9,141,57,2023-01-22,,43
865460548459297,app002,深圳,9.5,20.9,83,60,2023-01-25,,44
862232702091329,app003,北京,22.2,41.4,136,79,2023-02-12,,26
868885066343740,app002,上海,12.3,27.1,133,124,2023-02-11,,16
865474341981758,app002,广州,21.8,44.0,115,85,2023-01-08,2023-02-16,39
860315666621549,app003,深圳,5.2,8.1,58,104,2023-01-07,2023-02-07,31
863717891053918,app005,广州,19.0,29.0,119,116,2023-01-03,,42
865409466003944,app004,深圳,27.1,64.0,65,105,2023-02-28,2023-03-01,6
861089383101416,app001,广州,26.3,48.4,132,62,2023-02-16,2023-02-23,7
869543309308913,app005,深圳,27.3,44.5,93,86,2023-01-04,,14
867261768202242,app005,上海,5.1,12.7,121,49,2023-02-25,,10
863714476158477,app005,上海,14.8,25.8,147,117,2023-02-28,,43
866718663745885,app004,上海,6.2,9.7,132,80,2023-02-26,,18
867723166133908,app005,北京,23.1,36.6,81,100,2023-01-15,,1
866815344532657,app004,深圳,24.5,48.1,110,58,2023-01-13,2023-01-26,13
862635897664028,app002,深圳,7.8,12.0,127,43,2023-01-14,2023-02-09,26
866958868156494,app003,深圳,22.1,41.8,132,43,2023-01-02,2023-01-31,29
864827850934012,app004,广州,8.9,18.5,114,36,2023-02-07,2023-02-17,10
866070732389702,app002,北京,10.5,18.9,75,68,2023-02-24,,21
869039476131366,app004,上海,26.8,43.4,128,46,2023-02-13,,12
866026796269067,app004,深圳,6.0,12.7,146,126,2023-01-29,,25
863452097344186,app002,广州,12.5,27.3,86,33,2023-02-06,,28
861125571497929,app003,北京,27.2,41.0,112,120,2023-01-06,,32
865930761646652,app004,广州,19.2,44.3,92,32,2023-02-18,2023-03-01,25
865599645139408,app002,深圳,21.6,52.0,119,49,2023-01-02,2023-01-12,10
863381143804913,app002,上海,28.8,48.8,139,125,2023-01-17,,12
862029653043193,app005,深圳,7.2,16.4,122,105,2023-02-15,2023-02-26,11
863756597697961,app004,广州,6.1,9.5,123,39,2023-01-14,,19
860278964835252,app003,北京,10.9,24.0,81,129,2023-01-26,,9
864537395076149,app004,北京,18.6,32.8,89,87,2023-02-06,2023-02-18,12
869765665992160,app002,广州,5.6,13.9,107,30,2023-02-19,,25
860416414162621,app001,北京,7.2,11.1,82,66,2023-02-26,,41
864888382410213,app004,深圳,22.0,43.7,145,56,2023-01-06,,44
861968339548668,app004,广州,17.0,30.8,51,92,2023-01-14,,34
861292269959250,app005,北京,9.4,20.4,77,70,2023-01-30,,10
863432107633493,app003,上海,15.5,37.8,137,99,2023-01-29,2023-02-13,15
863456374557377,app002,广州,14.0,24.0,94,66,2023-01-02,,44
865690536698596,app001,广州,19.6,46.2,65,102,2023-01-10,2023-02-13,34
868310959114928,app001,深圳,12.3,22.3,117,116,2023-01-16,,38
863101370311588,app003,上海,16.8,41.0,126,76,2023-01-07,2023-02-07,31
864730174478819,app003,深圳,20.2,38.4,118,93,2023-02-17,2023-03-01,42
861800339916400,app003,北京,12.0,20.0,75,121,2023-02-05,,35
867191902181548,app001,深圳,17.5,34.8,122,73,2023-02-07,2023-02-22,15
860148542416223,app003,北京,16.5,30.0,50,103,2023-02-13,,35
864225696870324,app004,上海,11.1,19.3,138,123,2023-02-05,,4
864420507011240,app001,上海,7.9,12.3,79,127,2023-01-17,,28
869084588963885,app003,北京,5.7,12.4,102,84,2023-01-21,,22
864697766526126,app002,上海,18.4,32.7,121,86,2023-02-03,,44
862260700888657,app004,上海,17.8,43.2,137,91,2023-01-12,2023-01-19,7
868693676283822,app005,上海,28.5,54.1,124,113,2023-01-27,,28
860795326305793,app003,深圳,10.7,25.8,147,114,2023-01-12,,27
867428057285508,app003,上海,16.1,37.4,109,30,2023-02-20,2023-03-01,9
865627145853367,app005,广州,11.9,20.9,52,93,2023-02-24,,8
860965111380021,app005,北京,7.6,16.8,115,45,2023-02-19,2023-03-01,23
861638297322795,app003,上海,22.4,55.1,63,45,2023-01-18,2023-02-20,33
862387457308298,app005,北京,28.3,47.5,65,115,2023-02-09,2023-02-23,14
861414222714091,app001,北京,8.9,19.1,136,72,2023-02-12,2023-03-01,25
867109004003253,app002,广州,6.9,13.5,115,43,2023-02-16,,29
864014853659326,app005,广州,7.1,17.5,97,37,2023-01-07,,36
861087828739398,app001,北京,27.1,51.7,57,65,2023-01-09,2023-02-04,26
867405402699613,app004,上海,15.9,31.1,117,120,2023-01-05,2023-01-08,3
867499292624595,app001,深圳,14.5,24.8,78,89,2023-02-15,2023-03-01,36
863229935762836,app004,深圳,24.7,53.4,94,70,2023-01-21,,12
860097396132141,app001,北京,25.7,50.0,101,53,2023-01-26,2023-01-28,2
867614636677397,app004,上海,25.2,54.0,103,112,2023-02-12,,9
863786642040043,app003,深圳,21.6,43.2,91,91,2023-01-06,2023-02-18,43
867331603757550,app005,北京,21.6,49.6,114,122,2023-02-14,2023-03-01,41
860879776019897,app005,北京,28.1,62.0,76,102,2023-02-23,2023-03-01,6
861685351176893,app004,深圳,22.0,52.0,114,110,2023-01-12,2023-01-13,1
867523019675320,app005,上海,11.2,20.4,141,86,2023-01-05,2023-01-31,26
864246517603092,app002,北京,16.0,38.8,79,92,2023-01-20,2023-02-02,13
861913869218389,app004,上海,5.3,8.7,145,52,2023-01-27,2023-03-01,45
860836095140392,app002,北京,22.9,44.8,131,56,2023-01-14,,40
867581497595807,app002,上海,5.1,9.6,70,100,2023-01-23,,2
865084575192349,app005,深圳,10.1,20.6,95,109,2023-02-08,2023-03-01,37
865056371551818,app002,广州,20.8,43.1,54,77,2023-02-06,2023-02-18,12
868354584150516,app004,深圳,14.9,37.1,74,107,2023-02-10,,30
865390392662869,app005,北京,21.7,37.3,98,105,2023-02-07,,29
860245160268502,app002,北京,14.7,22.6,128,91,2023-01-19,2023-01-20,1
868826433248123,app003,北京,5.6,11.1,105,77,2023-02-21,,4
865910190431941,app003,深圳,9.3,19.3,80,48,2023-02-01,2023-03-01,42
862329477871383,app001,上海,11.0,17.2,119,36,2023-01-16,2023-01-23,7
861895554472788,app003,深圳,13.8,31.2,96,97,2023-01-17,,9
863328894206982,app001,上海,23.1,42.9,86,89,2023-02-27,2023-03-01,40
865063476668602,app003,北京,18.9,38.2,148,107,2023-01-27,,10
860179652325037,app003,广州,11.8,23.7,115,85,2023-02-25,,11
866130553909194,app002,北京,15.9,24.2,98,102,2023-01-05,,4
862943541208951,app004,广州,21.6,53.1,106,90,2023-02-02,2023-02-10,8
863345349307718,app005,广州,25.7,58.6,136,103,2023-01-22,,7
863076417711886,app001,广州,13.2,27.0,97,81,2023-02-04,,22
863224501084623,app004,深圳,8.7,13.5,118,70,2023-02-14,2023-03-01,32
864123924136803,app003,北京,28.0,49.9,147,64,2023-01-30,,1
869020210635524,app003,北京,15.1,37.4,99,40,2023-02-02,2023-03-01,41
869353708527306,app005,深圳,28.8,68.4,117,81,2023-02-19,,30
864047630047081,app005,上海,29.9,49.5,84,122,2023-02-08,2023-03-01,37
863884538133795,app003,广州,7.3,12.5,111,50,2023-02-28,2023-03-01,10
861519834816401,app005,上海,17.1,29.9,91,103,2023-02-27,2023-03-01,6
867207290031508,app002,广州,25.7,59.1,81,112,2023-01-22,,22
869332557256258,app002,上海,10.5,22.5,93,58,2023-01-27,2023-03-01,40
866516225215544,app001,广州,9.7,22.7,81,119,2023-01-29,,28
865449724540213,app003,深圳,5.6,10.3,114,111,2023-01-21,2023-02-23,33
869874395489054,app003,北京,10.3,25.7,148,51,2023-01-09,2023-01-29,20
868194419445541,app004,上海,27.7,68.5,74,89,2023-01-10,,38
867724743673101,app002,深圳,15.1,31.9,111,50,2023-01-13,,19
864123716803189,app005,上海,12.5,21.3,56,116,2023-02-10,,38
861979462203344,app003,深圳,20.8,46.8,131,94,2023-01-25,2023-02-20,26
864217269247324,app005,广州,24.7,42.8,106,72,2023-02-01,2023-02-14,13
860688857844821,app005,深圳,25.5,62.3,130,120,2023-01-30,,34
860780678264763,app002,深圳,22.1,38.6,111,116,2023-01-01,2023-02-11,41
860163215819969,app004,深圳,21.6,41.7,63,52,2023-02-16,2023-03-01,33
865922364016571,app002,上海,22.6,45.1,140,58,2023-02-06,,10
864707789152471,app005,广州,22.9,52.9,95,68,2023-01-18,,35
863144700873606,app001,北京,10.6,18.3,60,120,2023-02-10,,28
862134229101598,app004,广州,16.1,31.2,90,63,2023-02-21,2023-03-01,9
860069433817455,app001,上海,18.8,45.5,99,48,2023-02-25,,2
865879425921045,app005,北京,20.6,35.0,149,72,2023-01-11,,30
869339879639469,app002,北京,16.8,31.2,119,76,2023-01-09,,23
866784377653272,app001,上海,21.0,39.0,96,118,2023-01-21,,31
863508332848802,app002,广州,10.8,25.0,128,95,2023-01-31,,19
862196848443769,app005,北京,13.2,29.8,73,57,2023-02-02,,17
867827857249712,app003,北京,15.0,24.7,100,74,2023-01-03,2023-01-16,13
866422747555153,app003,北京,21.4,43.1,83,80,2023-01-08,,29
862926188826336,app004,北京,9.4,20.6,132,116,2023-02-03,,40
862344342029399,app005,广州,23.0,36.6,61,72,2023-01-05,2023-02-15,41
868684592903744,app005,北京,15.0,31.6,90,62,2023-01-02,,31
866327530591794,app004,上海,5.9,10.6,66,101,2023-01-29,2023-03-01,44
865039764057783,app003,广州,22.4,40.9,118,122,2023-01-10,2023-01-23,13
864009451697871,app001,广州,16.6,39.8,70,99,2023-01-09,,29
868700994092449,app003,上海,19.0,45.2,150,64,2023-01-24,,7
864401819249422,app005,深圳,7.4,13.5,100,42,2023-01-28,,11
867926184019652,app002,广州,26.9,53.0,68,119,2023-01-23,2023-02-16,24
869049605086952,app002,上海,6.4,11.0,59,127,2023-02-05,,30
866395699193423,app001,北京,24.9,37.9,73,70,2023-02-07,,16
860360598134281,app005,上海,5.9,11.1,106,120,2023-01-04,2023-01-22,18
862543164235616,app004,北京,20.5,46.4,138,51,2023-02-22,,10
866167160058436,app001,上海,21.1,43.9,52,97,2023-01-24,,15
869974537701609,app001,北京,26.9,46.0,118,125,2023-02-09,2023-02-14,5
869306431872593,app005,深圳,27.4,68.3,126,35,2023-01-29,2023-03-01,42
861445168205968,app003,北京,7.6,12.4,146,112,2023-01-15,,21
865706184137902,app005,北京,15.9,37.0,85,38,2023-01-17,2023-03-01,44
861711760794435,app002,北京,13.1,31.1,61,50,2023-02-27,,13
866621850788236,app005,深圳,16.3,30.2,82,88,2023-02-12,,31
862606543484712,app005,深圳,25.9,59.0,120,111,2023-01-01,,12
863559605405657,app001,深圳,9.1,17.1,115,124,2023-01-06,2023-01-19,13
860993154936229,app004,上海,5.3,11.1,65,71,2023-01-17,2023-03-01,43
861283635384752,app003,广州,8.2,17.6,96,53,2023-02-06,,18
867638983303828,app001,广州,13.7,27.0,143,115,2023-01-19,2023-01-24,5
863582922087618,app001,深圳,7.1,14.4,131,113,2023-02-13,2023-03-01,45
861669015082573,app002,深圳,28.1,64.1,84,47,2023-01-05,,39
867474755207561,app002,北京,17.3,26.8,103,113,2023-01-04,2023-02-10,37
862191646786833,app005,广州,20.3,34.2,108,121,2023-01-02,2023-01-29,27
866008948188956,app004,上海,24.6,46.6,89,103,2023-02-28,,7
865179116518782,app002,深圳,16.6,31.6,134,87,2023-02-26,,16
866891965560055,app002,广州,17.6,26.5,59,102,2023-02-25,,14
861730830102911,app003,北京,10.4,22.1,84,78,2023-02-18,2023-03-01,40
866694523470836,app005,广州,12.6,21.5,91,103,2023-01-24,2023-02-17,24
860828066419956,app001,北京,8.2,17.1,129,78,2023-01-26,,7
863097770585782,app001,深圳,24.5,50.2,62,86,2023-02-16,,5
865346430281943,app003,上海,19.9,39.0,115,125,2023-02-13,2023-03-01,45
862658899551239,app002,广州,13.2,26.3,149,88,2023-01-16,,40
860384071377728,app004,北京,17.1,36.6,57,89,2023-02-26,,38
862658736072721,app003,北京,8.0,15.9,150,117,2023-01-03,2023-01-23,20
860399068924328,app003,深圳,14.4,26.8,82,79,2023-02-26,,3
866150852961433,app005,北京,21.2,35.2,91,36,2023-01-02,2023-02-08,37
864936025815541,app004,深圳,25.8,45.7,85,91,2023-01-20,2023-02-26,37
865433337951246,app005,上海,18.3,35.6,92,98,2023-02-13,2023-03-01,19
866520572740081,app001,上海,12.0,20.1,55,42,2023-02-08,2023-03-01,21
865445450257880,app002,深圳,27.5,56.3,136,62,2023-01-17,2023-02-09,23
861119487067904,app002,广州,15.8,32.5,51,96,2023-01-01,2023-01-24,23
867908208434670,app003,北京,6.3,11.8,90,102,2023-02-05,2023-03-01,37
869538840822995,app001,深圳,12.5,19.9,113,101,2023-01-30,2023-02-04,5
863097710324901,app001,北京,16.0,28.5,95,64,2023-01-14,,33
868085699503668,app002,深圳,27.4,48.3,107,88,2023-02-10,,38
860691731490537,app002,上海,14.8,30.5,83,104,2023-01-16,2023-03-01,44
869753788289187,app004,广州,19.5,48.6,89,103,2023-02-09,2023-03-01,22
860981033357263,app003,深圳,11.2,20.0,61,108,2023-01-29,2023-01-30,1
861197418037068,app003,深圳,15.8,30.8,99,95,2023-01-07,,11
865186901992342,app001,上海,24.4,57.4,127,83,2023-01-17,,43
863581950059797,app005,北京,29.4,54.5,112,74,2023-01-13,,23
866440788935790,app003,北京,11.2,23.0,147,110,2023-02-23,,18
864560470173951,app001,上海,22.7,46.7,70,124,2023-01-27,2023-01-31,4
861390946332827,app002,深圳,11.5,27.5,64,33,2023-01-19,,26
865183588609906,app004,广州,29.4,69.0,124,125,2023-01-16,,13
864903007812497,app002,广州,29.8,69.4,150,71,2023-02-01,,5
863086077431829,app005,上海,29.6,63.3,115,94,2023-01-24,2023-03-01,41
861298078162260,app001,北京,11.6,28.5,148,86,2023-01-28,2023-03-01,44
863776261199853,app003,北京,12.2,22.0,128,130,2023-01-15,,24
867017881158191,app001,上海,24.5,37.6,121,96,2023-01-18,,19
867366410792450,app004,上海,16.2,35.1,110,121,2023-01-07,2023-01-27,20
869019484627667,app001,广州,26.1,55.9,123,108,2023-01-20,,42
867583065092577,app005,广州,27.1,45.5,65,54,2023-01-28,2023-02-21,24
868366550326727,app004,深圳,7.2,16.4,102,121,2023-01-17,2023-02-06,20
865501401291502,app003,上海,13.9,33.1,85,97,2023-02-09,2023-02-18,9
864945605854312,app002,深圳,10.1,22.8,65,113,2023-02-05,2023-03-01,26
863603968046629,app002,北京,15.1,36.7,149,79,2023-01-16,,26
868912456403285,app003,广州,14.8,33.6,87,35,2023-01-01,2023-02-03,33
860997658085362,app001,北京,8.9,16.5,131,33,2023-01-01,2023-01-26,25
865944432066764,app002,广州,13.6,29.6,50,51,2023-01-18,,5
865838384148291,app005,深圳,25.8,52.8,77,110,2023-01-09,,23
864797665268431,app003,上海,29.7,58.9,67,48,2023-01-01,2023-01-13,12
868077862348306,app001,上海,21.3,39.3,97,127,2023-02-08,,10
866105327494571,app002,深圳,21.5,45.5,59,85,2023-01-15,2023-02-22,38
869027643576173,app005,北京,22.4,50.8,146,56,2023-02-26,2023-03-01,7
868462261748403,app002,深圳,29.1,61.4,98,30,2023-02-01,,26
868289183197653,app004,北京,24.7,42.0,82,37,2023-02-03,,26
869857516886291,app002,上海,27.4,56.6,87,111,2023-02-06,,29
861275742208711,app004,北京,24.4,37.3,97,104,2023-01-31,2023-03-01,41
867169799540580,app005,北京,6.6,15.5,115,69,2023-01-21,2023-02-12,22
867881123474456,app005,深圳,21.5,49.5,145,93,2023-02-15,2023-03-01,42
863393333767882,app002,北京,13.3,22.7,149,87,2023-01-02,,40
862916176635806,app003,广州,25.7,57.5,81,52,2023-01-28,2023-02-13,16
866646987923029,app003,北京,14.5,30.7,75,126,2023-01-07,,36
862364102547653,app003,上海,12.3,21.4,65,113,2023-02-23,,22
861492714520780,app001,深圳,24.5,55.7,103,127,2023-02-17,2023-02-21,4
863599800413421,app001,北京,28.5,57.1,106,73,2023-01-26,2023-01-31,5
867292453643000,app003,北京,18.1,32.1,94,113,2023-02-28,,1
868134416254008,app002,广州,21.9,39.4,85,84,2023-02-28,2023-03-01,32
865153265971147,app003,上海,14.5,23.7,81,124,2023-02-26,2023-03-01,9
865160674388903,app005,深圳,5.2,10.1,71,100,2023-02-23,,9
865077766179393,app001,广州,28.9,71.5,128,62,2023-01-04,2023-01-09,5
865030861693431,app002,北京,22.1,54.1,85,58,2023-02-14,2023-02-26,12
865544731044674,app005,深圳,21.5,39.9,75,111,2023-01-23,,19
862246546377182,app004,深圳,24.7,60.9,150,95,2023-01-23,,33
866338685388452,app005,广州,6.0,14.6,125,89,2023-03-01,,5
869467444858502,app005,北京,27.4,66.3,89,105,2023-02-24,,32
867219048652118,app004,北京,18.6,39.3,71,120,2023-01-25,,10
865142141693500,app002,深圳,5.8,11.9,138,84,2023-02-13,,17
866442538095973,app002,上海,16.6,28.3,56,35,2023-01-22,2023-02-27,36
865548831712878,app005,北京,16.8,39.6,50,105,2023-01-11,2023-02-05,25
862221761802330,app003,广州,7.4,14.8,134,68,2023-02-23,2023-03-01,42
862458530481498,app004,上海,24.5,45.6,107,50,2023-02-03,,18
868003670202535,app005,上海,20.6,47.3,55,103,2023-01-21,2023-02-07,17
862808505527030,app005,北京,22.4,33.9,69,34,2023-02-07,,44
865928064008000,app001,深圳,17.7,27.5,73,128,2023-01-20,,5
869147252887906,app004,深圳,15.0,25.2,82,59,2023-01-17,2023-01-20,3
868178676593634,app003,上海,7.4,17.6,81,79,2023-02-10,2023-03-01,37
867972647297854,app001,上海,9.7,15.9,94,105,2023-01-27,2023-02-06,10
867290014868107,app002,上海,15.9,38.5,104,69,2023-02-11,,26
868666974185729,app003,深圳,17.3,34.1,133,68,2023-01-18,,19
863980918520705,app003,北京,9.4,15.7,68,129,2023-01-03,2023-01-28,25
862005519460424,app003,上海,26.1,62.0,113,61,2023-02-08,2023-02-27,19
869243821613312,app003,深圳,13.6,29.4,110,107,2023-01-03,,31
860039933048877,app004,广州,7.0,10.7,108,116,2023-01-21,2023-02-01,11
861165668621702,app003,上海,29.7,48.1,94,104,2023-01-22,,26
868719053238561,app002,上海,21.1,49.2,97,75,2023-02-02,,31
866782506949807,app003,北京,11.6,27.6,122,81,2023-01-15,,43
868791855699094,app001,深圳,20.3,32.2,58,41,2023-02-20,,12
865985587615405,app001,深圳,14.4,22.1,95,48,2023-02-09,2023-02-13,4
862371609166760,app005,深圳,7.1,12.6,124,41,2023-02-15,,11
864851860266697,app005,北京,29.2,66.5,112,73,2023-01-03,,11
866541422456628,app005,北京,22.9,36.8,137,127,2023-01-21,,31
864894276830958,app002,广州,15.0,27.0,131,107,2023-01-16,,35
869184178648072,app003,深圳,11.7,25.5,112,41,2023-02-23,,18
868466242373098,app001,北京,26.0,48.0,122,110,2023-02-09,,37
868538187304480,app003,深圳,12.9,28.4,74,110,2023-01-27,,9
861719309268154,app003,深圳,27.1,42.7,87,50,2023-02-16,,17
867094339026121,app005,广州,12.7,22.8,117,124,2023-02-14,2023-03-01,43
869792022953795,app001,深圳,29.0,51.1,96,50,2023-01-01,,29
865322849545264,app001,北京,6.3,15.2,97,46,2023-02-06,2023-02-21,15
860974466111744,app001,深圳,25.8,43.2,108,102,2023-02-09,,9
860504121149166,app004,深圳,13.6,31.1,88,66,2023-02-21,2023-03-01,10
861486052248008,app004,广州,11.3,25.5,133,64,2023-01-10,2023-02-10,31
865030081208397,app005,北京,27.5,44.3,60,82,2023-01-21,,5
867386757727908,app003,深圳,20.5,42.3,77,128,2023-01-27,,33
861831956916263,app001,广州,11.4,19.8,59,80,2023-02-16,,20
863702347552837,app004,广州,18.5,40.3,73,43,2023-02-19,,7
869108631928424,app005,北京,5.5,12.4,91,92,2023-01-08,,25
866553623818459,app003,深圳,13.7,23.3,69,43,2023-02-21,2023-03-01,40
865783159219574,app003,深圳,6.4,11.0,112,109,2023-02-03,2023-03-01,37
862370487022722,app005,上海,7.7,17.3,146,57,2023-01-24,2023-01-27,3
869465590490444,app001,上海,6.6,12.0,116,100,2023-01-09,2023-01-21,12
860176957785715,app001,上海,17.3,41.7,61,55,2023-01-25,2023-01-30,5
861241714439257,app004,上海,21.5,42.7,146,67,2023-02-21,,40
866765138123394,app005,上海,21.8,38.6,143,41,2023-01-30,,10
869040904510678,app004,广州,20.7,36.2,55,41,2023-01-09,2023-01-18,9
868538708285612,app002,上海,10.9,25.3,138,119,2023-02-18,2023-03-01,25
869646199447104,app005,深圳,13.9,26.7,83,62,2023-02-18,,5
860214488514701,app001,北京,7.9,17.4,66,92,2023-01-10,2023-02-23,44
865479034178451,app001,上海,18.3,33.0,101,62,2023-01-18,,16
869092049560296,app001,深圳,12.5,26.4,149,38,2023-01-01,,1
862643671426773,app002,广州,21.4,50.1,69,118,2023-02-28,2023-03-01,35
864750889130325,app005,北京,27.4,42.7,90,43,2023-01-19,2023-03-01,41
861807310525698,app002,深圳,11.1,17.9,53,113,2023-02-28,,18
867634361520824,app003,广州,16.8,31.8,106,71,2023-01-08,2023-02-06,29
865849723244761,app002,广州,14.1,24.4,71,114,2023-02-23,2023-03-01,10
861673286857261,app004,深圳,26.9,48.2,146,51,2023-02-15,,15
869313176851984,app005,上海,7.5,17.5,113,55,2023-02-06,2023-03-01,29
862085573734434,app001,深圳,7.1,13.9,132,107,2023-02-10,,40
866366845503701,app002,广州,13.5,22.9,147,45,2023-02-06,2023-02-22,16
860938581357975,app005,深圳,5.0,10.7,59,47,2023-02-16,,30
869692716159383,app004,深圳,14.7,26.6,140,106,2023-02-22,2023-03-01,19
868115529795599,app005,上海,17.8,43.9,64,117,2023-02-28,2023-03-01,7
862172914957137,app002,上海,24.0,50.8,145,114,2023-01-05,2023-01-26,21
862364713193937,app002,深圳,15.1,27.6,121,121,2023-02-02,,18
864191986425347,app003,广州,28.5,60.9,101,37,2023-01-05,2023-01-12,7
861069160206570,app002,广州,29.0,59.3,52,32,2023-02-16,,35
863345512888666,app004,广州,8.5,16.4,117,100,2023-02-04,2023-02-28,24
860225646166143,app004,深圳,11.7,19.0,93,110,2023-02-17,,38
864643521451981,app002,广州,16.2,27.4,113,121,2023-02-15,2023-02-22,7
864731105487819,app002,广州,23.7,54.6,79,70,2023-02-28,2023-03-01,26
862717438622582,app005,北京,20.4,35.4,108,116,2023-02-01,2023-03-01,34
863757226442454,app002,上海,17.0,33.7,80,107,2023-01-18,2023-02-27,40
860135019672342,app001,深圳,11.7,26.0,87,116,2023-02-27,,3
865871208275015,app004,广州,14.3,30.5,79,58,2023-02-14,,16
866303480858326,app004,北京,25.5,39.6,71,119,2023-02-23,,15
866339248089150,app003,北京,13.1,23.0,85,34,2023-02-15,2023-02-20,5
865029174034702,app003,深圳,15.9,31.2,69,56,2023-02-03,2023-03-01,26
869691972104103,app002,上海,18.7,44.8,52,85,2023-01-18,,42
864120310593836,app002,上海,24.7,39.3,96,113,2023-02-09,,37
868853868275899,app002,上海,15.1,35.6,93,84,2023-01-25,,26
860481512483565,app001,深圳,8.4,13.4,71,40,2023-01-26,2023-03-01,34
860238109263977,app004,北京,16.7,41.3,127,81,2023-01-15,2023-02-15,31
869421984607407,app002,上海,17.4,38.8,139,77,2023-01-01,,43
865609021796872,app003,北京,6.2,10.1,108,77,2023-02-27,,40
863525446160696,app001,广州,18.1,43.1,56,65,2023-01-28,2023-02-21,24
866078007183391,app001,深圳,15.3,32.0,74,76,2023-01-11,,14
865291286855802,app003,广州,8.3,14.1,79,65,2023-01-19,,14
868001711934890,app005,北京,12.9,27.2,134,108,2023-01-17,2023-02-25,39
860595660321822,app003,上海,21.4,44.3,60,61,2023-02-16,,20
868448289105775,app002,深圳,9.4,20.4,142,113,2023-01-29,2023-02-26,28
863661656089411,app001,北京,11.6,28.1,69,81,2023-01-04,2023-01-25,21
869706730231282,app002,上海,11.4,22.1,143,104,2023-03-01,2023-03-01,39
860247298149019,app005,上海,8.7,19.5,123,126,2023-01-03,,28
866178769445318,app002,深圳,19.7,48.6,97,108,2023-02-28,2023-03-01,17
861652592586041,app001,上海,5.9,12.7,83,49,2023-01-31,,31
866322463816020,app005,广州,20.0,44.1,110,96,2023-01-13,2023-02-03,21
864576330666372,app004,广州,24.4,45.6,97,57,2023-02-06,2023-02-17,11
862477813477198,app005,广州,14.2,25.7,62,84,2023-01-28,,44
868632005846719,app005,上海,28.6,68.6,123,51,2023-01-14,2023-02-15,32
866169369516035,app002,深圳,9.9,19.9,125,61,2023-01-05,2023-01-14,9
862931998204367,app005,北京,15.7,26.2,136,79,2023-01-20,2023-02-14,25
866720664306201,app004,广州,9.5,15.2,83,113,2023-01-28,,39
861765635318442,app003,深圳,14.1,27.9,110,56,2023-01-13,,33
868463531205753,app003,深圳,18.8,39.2,54,55,2023-02-23,,25
863776989434530,app005,北京,10.0,15.6,95,81,2023-01-24,,31
865421601781438,app002,广州,10.3,17.1,134,64,2023-01-21,2023-02-19,29
865939309300354,app005,上海,20.0,33.9,114,55,2023-02-04,,45
860589940788505,app001,深圳,28.1,66.4,89,64,2023-01-22,2023-03-01,38
862918162879754,app004,深圳,17.4,34.2,64,55,2023-01-19,2023-03-01,44
869475371567883,app002,深圳,28.8,56.5,80,130,2023-01-14,,41
865751361059295,app003,上海,18.6,29.8,70,78,2023-01-27,2023-03-01,39
864700761588306,app002,上海,23.9,48.3,118,66,2023-02-27,,1
867496423175579,app004,广州,6.0,9.4,140,40,2023-02-07,,31
864757582596402,app001,广州,15.2,31.2,75,69,2023-01-14,2023-02-07,24
866679231726012,app001,广州,16.7,31.2,62,59,2023-01-31,2023-02-08,8
862317907965337,app003,北京,20.3,40.5,91,113,2023-01-09,,19
868393873005952,app003,广州,9.2,14.6,86,49,2023-02-08,2023-03-01,35
863361673985958,app002,上海,28.7,61.4,83,46,2023-02-27,2023-03-01,17
863907503714007,app005,广州,17.2,31.7,118,40,2023-02-11,2023-03-01,35
861687429195176,app001,北京,22.7,40.8,60,116,2023-01-21,2023-02-22,32
867187200501152,app003,北京,16.5,35.2,111,65,2023-01-15,,30
860755385091917,app002,北京,20.3,42.2,70,102,2023-01-03,,21
865143445552136,app003,北京,17.7,39.8,53,46,2023-02-16,2023-03-01,35
866427445676843,app002,北京,20.7,41.5,85,89,2023-01-07,2023-02-05,29
869366120459258,app005,广州,28.1,42.8,111,81,2023-01-02,,17
863754098285216,app003,上海,20.9,42.6,68,56,2023-01-31,2023-02-16,16
866242354979602,app001,上海,13.3,26.3,52,35,2023-02-04,2023-02-12,8
866031512476465,app004,广州,15.3,36.3,117,42,2023-01-13,2023-02-08,26
860422958283587,app002,广州,7.4,18.1,62,70,2023-02-05,2023-03-01,34
860139616204447,app003,北京,12.2,25.6,134,94,2023-02-09,2023-03-01,43
868733684651374,app001,广州,6.7,12.0,131,127,2023-01-29,,13
861290299854432,app003,北京,5.0,9.2,114,72,2023-01-12,,38
862283854570985,app005,深圳,28.3,44.0,103,103,2023-02-23,2023-03-01,15
867201524524001,app003,上海,10.0,17.8,130,79,2023-02-07,,43
865085470355682,app003,北京,13.9,22.1,145,124,2023-02-10,2023-03-01,19
869949484749025,app003,上海,5.5,11.4,95,79,2023-02-02,2023-03-01,45
864837293331292,app002,上海,12.1,21.7,120,116,2023-01-12,,31
869934614308839,app003,上海,25.7,51.3,90,78,2023-01-26,2023-02-19,24
865986866139113,app003,上海,9.6,19.9,50,91,2023-01-12,,2
860383332667989,app001,北京,21.0,45.4,58,89,2023-02-15,2023-02-24,9
865917322487386,app005,广州,12.2,18.7,136,96,2023-01-24,,6
866904734607356,app003,北京,7.2,17.6,82,116,2023-01-23,,13
869989020549918,app005,广州,19.1,36.8,139,121,2023-01-12,,29
868632637466168,app002,上海,20.3,49.0,88,53,2023-02-19,2023-03-01,45
867112539968920,app003,北京,26.7,54.9,114,95,2023-01-09,,14
868088589620669,app002,深圳,5.7,8.7,135,48,2023-01-20,2023-02-08,19
863031082153339,app004,上海,20.1,39.3,60,107,2023-02-14,,1
869080607116682,app002,北京,14.4,31.5,55,104,2023-01-09,2023-02-04,26
865759325168459,app005,北京,26.0,54.0,126,126,2023-01-05,2023-01-23,18
869955681859345,app001,上海,12.6,23.0,79,78,2023-02-24,,44
862575611454238,app002,深圳,27.0,45.0,97,35,2023-02-28,2023-03-01,15
861368581018361,app001,上海,19.7,37.3,77,49,2023-02-01,2023-03-01,44
864109967544442,app002,广州,16.8,39.5,68,84,2023-01-31,2023-02-26,26
862265139748955,app003,深圳,8.8,13.3,56,92,2023-02-24,,26
864768114412592,app002,深圳,28.3,51.4,74,43,2023-01-12,2023-01-22,10
861465686691666,app002,广州,12.8,24.1,141,113,2023-02-27,2023-03-01,10
866728443134602,app005,北京,25.5,59.4,120,36,2023-01-07,,30
867627900784277,app002,上海,17.2,26.4,134,60,2023-02-22,,13
866517483695353,app004,北京,13.4,28.1,111,100,2023-01-14,,9
861122386197820,app005,上海,29.1,46.7,91,76,2023-02-04,,10
861444257484862,app002,上海,27.8,52.0,53,115,2023-01-17,,14
862616252473233,app001,深圳,12.6,25.5,128,62,2023-01-13,2023-02-23,41
861560898778784,app003,上海,26.1,41.0,101,78,2023-01-20,,18
867753418989360,app002,深圳,25.2,47.9,146,62,2023-01-25,,21
861847989012014,app004,广州,15.9,38.1,58,117,2023-01-08,2023-01-18,10
860006226320459,app004,上海,8.1,13.3,75,58,2023-01-22,2023-02-19,28
866921169919607,app002,广州,23.5,53.0,63,49,2023-01-16,,33
863971659511341,app005,北京,9.5,23.5,144,117,2023-01-29,,23
863216352004517,app003,广州,16.9,32.8,73,40,2023-01-20,2023-02-18,29
860277182059916,app001,广州,16.7,40.4,108,111,2023-01-05,,6
864110844439634,app004,北京,25.3,56.2,122,95,2023-01-15,2023-02-14,30
860800775728875,app001,北京,11.7,21.9,56,115,2023-01-19,2023-01-25,6
862253489008846,app002,上海,19.0,47.0,106,43,2023-01-18,,12
860448367772359,app004,深圳,21.3,49.7,96,52,2023-01-28,,14
861041267769936,app005,深圳,9.0,19.1,147,40,2023-02-15,2023-03-01,14
866969802772358,app001,北京,26.1,61.1,141,111,2023-01-31,,12
866733721323248,app005,上海,12.6,22.4,84,40,2023-01-02,2023-01-12,10
867832233539012,app005,广州,22.1,46.7,77,64,2023-02-03,2023-03-01,35
866774051478351,app001,深圳,8.2,14.6,133,113,2023-01-27,,45
868108447541915,app002,广州,16.6,35.4,139,50,2023-01-17,2023-01-26,9
865312508114438,app005,深圳,16.7,30.1,141,57,2023-02-21,2023-03-01,16
864674682704246,app004,北京,26.0,61.7,77,32,2023-01-14,2023-02-04,21
861906451138619,app002,深圳,8.3,15.4,116,105,2023-02-07,2023-02-14,7
869017198801698,app002,北京,14.7,34.1,87,45,2023-02-13,2023-03-01,44
867482296616464,app005,广州,28.4,53.3,122,95,2023-02-08,2023-02-27,19
867496621261623,app005,上海,11.2,24.6,106,77,2023-01-09,2023-02-23,45
867165484363365,app005,北京,7.3,17.8,110,116,2023-02-05,2023-02-24,19
867208416567291,app001,广州,6.0,11.0,92,124,2023-01-03,2023-02-11,39
862453544685775,app002,北京,10.6,18.4,66,118,2023-01-03,2023-02-10,38
863559221222336,app002,上海,5.8,10.7,91,75,2023-01-01,2023-01-14,13
866568263877784,app003,北京,19.2,37.4,68,40,2023-01-07,,3
864164197959624,app003,深圳,14.3,24.9,115,51,2023-02-05,,31
869874506737013,app002,深圳,25.3,42.8,88,59,2023-01-21,2023-02-02,12
865948739327071,app002,北京,17.2,34.9,83,58,2023-02-04,,2
861415714996594,app004,广州,16.2,39.8,137,39,2023-02-17,,7
864546361419696,app004,上海,14.1,25.6,90,70,2023-02-15,2023-03-01,14
863514859771895,app005,广州,25.1,61.1,85,71,2023-01-30,2023-03-01,31
865333862012158,app003,广州,10.0,15.9,136,33,2023-01-20,,8
865702205692608,app004,上海,13.6,28.8,55,48,2023-01-20,,41
867756943995625,app004,深圳,9.9,18.5,95,83,2023-02-16,2023-03-01,23
866521692227280,app002,北京,5.4,8.7,63,37,2023-01-09,2023-02-23,45
869503833868089,app003,深圳,8.7,15.7,103,33,2023-02-17,2023-02-19,2
861674163751188,app001,上海,5.9,12.2,145,95,2023-02-16,,15
862265331385151,app004,上海,11.2,23.5,96,109,2023-02-22,2023-03-01,20
865713526014513,app005,深圳,16.9,33.3,131,73,2023-01-13,2023-02-22,40
862469569935294,app005,上海,11.5,28.0,132,97,2023-01-24,2023-02-07,14
868547641380455,app002,深圳,29.7,56.1,110,82,2023-01-12,,10
862673304765550,app004,北京,25.9,60.8,51,62,2023-02-08,2023-03-01,40
863417859253606,app005,北京,5.3,8.5,57,92,2023-02-10,2023-02-21,11
867762974531465,app004,深圳,9.3,14.6,123,61,2023-02-22,2023-03-01,43
869141239334371,app003,北京,22.3,42.9,103,97,2023-01-13,,13
864760040226062,app001,上海,17.7,32.5,73,104,2023-02-16,,14
868155167380585,app002,北京,7.3,11.8,142,97,2023-02-10,,11
865240743201325,app004,深圳,18.4,33.0,93,118,2023-01-05,,38
866316825985325,app003,北京,7.0,17.1,112,107,2023-02-19,,9
868982337300974,app002,广州,20.3,39.6,129,63,2023-01-22,,10
866318958267706,app005,广州,26.5,42.1,59,123,2023-01-01,2023-01-18,17
861058186319310,app001,北京,25.4,41.3,50,98,2023-01-31,,37
866553284627280,app003,广州,16.4,29.5,89,105,2023-01-19,2023-02-27,39
862514921196368,app004,北京,15.0,35.0,96,37,2023-02-21,2023-03-01,36
863413218922346,app005,广州,15.0,27.3,119,55,2023-02-10,2023-03-01,42
860542268470862,app002,北京,16.6,25.3,140,126,2023-01-03,,2
867315134310541,app002,上海,9.6,19.2,123,67,2023-01-18,,3
864347957236897,app002,北京,15.0,24.4,99,123,2023-02-09,2023-03-01,29
861584605170285,app004,广州,27.4,56.3,114,81,2023-01-16,2023-02-22,37
866198257364375,app001,广州,14.9,22.4,80,104,2023-01-05,2023-01-18,13
867592727433818,app001,北京,18.7,40.9,119,88,2023-02-28,,24
862091370532023,app005,广州,13.8,30.9,126,64,2023-01-05,2023-01-07,2
868475037638542,app003,上海,21.0,39.9,133,56,2023-03-01,2023-03-01,37
866624528081224,app004,广州,27.6,56.1,60,44,2023-02-22,2023-03-01,11
860229592238983,app001,北京,24.3,48.9,145,101,2023-02-09,2023-03-01,23
860012380864654,app004,上海,20.7,40.9,55,54,2023-02-20,,28
868182294142977,app002,北京,19.2,32.3,60,117,2023-02-25,2023-03-01,28
863917003774245,app003,深圳,25.6,41.9,150,114,2023-01-16,2023-02-18,33
865966679292182,app002,广州,20.4,48.7,73,58,2023-01-31,2023-03-01,34
861594488804539,app001,深圳,25.9,54.3,149,57,2023-01-14,2023-02-10,27
861969776416861,app001,上海,25.2,42.4,145,35,2023-02-14,2023-03-01,30
866985159537780,app002,北京,26.5,61.3,146,80,2023-02-19,2023-03-01,16
863280355621991,app001,深圳,11.4,20.8,68,128,2023-02-21,2023-02-23,2
867434289928022,app005,上海,13.5,23.7,148,100,2023-01-13,2023-01-14,1
862340808198373,app004,上海,17.2,32.2,97,70,2023-01-02,2023-02-03,32
869096683613452,app002,深圳,6.3,9.5,96,129,2023-02-07,,19
860103507092796,app005,深圳,13.3,22.8,97,102,2023-01-05,2023-01-09,4
864806578617883,app004,北京,14.5,29.3,68,77,2023-01-10,,14
864920537324245,app004,广州,27.5,63.5,64,97,2023-01-21,,19
862702533818009,app004,深圳,16.3,26.5,113,93,2023-01-30,,25
867941931639715,app001,上海,28.3,42.5,98,35,2023-01-16,2023-01-18,2
865037482213619,app004,上海,19.3,44.1,115,85,2023-02-12,2023-02-14,2
863844747829129,app002,深圳,17.4,38.3,86,123,2023-02-17,,27
868866633348881,app005,广州,13.5,27.0,139,57,2023-02-24,,15
867698263465987,app003,北京,11.5,24.2,134,102,2023-02-18,2023-03-01,17
861523721726261,app004,深圳,25.6,46.3,109,122,2023-01-01,2023-02-07,37
866076977144905,app004,深圳,19.4,43.0,108,51,2023-01-20,,13
864701880468173,app004,上海,17.2,36.8,83,120,2023-02-18,,4
862359471677112,app002,深圳,18.6,33.8,111,82,2023-02-13,,18
868375417247505,app002,深圳,24.7,55.8,64,118,2023-02-27,,15
862648459833705,app001,上海,16.9,39.9,127,62,2023-01-14,2023-02-15,32
864078015966377,app004,深圳,29.3,54.7,59,63,2023-01-09,,22
861919130536487,app001,北京,5.8,11.1,149,106,2023-01-05,2023-01-14,9
861744056394198,app004,上海,15.2,35.2,144,91,2023-01-17,,32
866529535761585,app001,深圳,5.4,12.5,122,56,2023-02-27,2023-03-01,27
869925304215477,app004,北京,6.8,14.1,127,88,2023-02-08,,23
863696427584493,app005,北京,19.6,29.8,128,61,2023-02-05,2023-02-13,8
862091171157814,app004,深圳,8.2,14.7,136,64,2023-02-07,,36
864690177692547,app005,北京,5.7,9.7,104,43,2023-02-25,2023-03-01,28
860638830720209,app004,上海,13.8,27.1,145,62,2023-02-07,2023-03-01,38
860231990195176,app001,深圳,25.7,47.6,110,64,2023-02-23,2023-03-01,44
864924258185946,app003,深圳,24.4,46.9,72,44,2023-02-07,,6
861060965035608,app002,上海,28.2,63.0,75,128,2023-02-21,,39
860855792321540,app001,上海,6.2,12.4,68,93,2023-02-26,2023-03-01,27
861004412482944,app002,上海,25.4,51.9,99,121,2023-01-18,,4
869374514635945,app003,上海,28.5,59.2,137,38,2023-01-30,,31
864945282663155,app001,深圳,18.7,32.1,67,56,2023-01-10,2023-01-18,8
863812805941424,app001,深圳,26.6,53.9,55,98,2023-02-12,2023-03-01,43
862071999123821,app005,深圳,11.5,23.9,137,44,2023-02-18,2023-02-24,6
869034214250148,app004,北京,9.4,17.7,120,57,2023-01-21,2023-01-22,1
864512965566724,app001,上海,19.6,47.2,144,69,2023-02-24,2023-03-01,30
862995121024044,app001,广州,22.4,55.5,78,58,2023-01-11,,31
865110087145303,app004,上海,8.0,15.7,94,82,2023-02-22,,1
869818031709966,app001,深圳,10.8,19.8,131,64,2023-01-06,2023-01-18,12
865723160165212,app003,广州,17.1,29.8,82,40,2023-02-13,,2
867691531157067,app001,北京,5.5,13.0,53,51,2023-02-20,2023-03-01,20
864775918589488,app005,广州,14.1,31.9,79,115,2023-01-09,2023-02-11,33
862950612605745,app002,上海,17.8,35.4,98,70,2023-01-08,2023-02-09,32
865543928892286,app002,北京,9.3,18.9,113,93,2023-01-03,2023-01-04,1
863032167501195,app001,北京,26.4,44.3,81,98,2023-01-13,,29
861546976055988,app005,广州,17.2,26.5,77,119,2023-01-08,,15
864185643897372,app003,广州,17.1,31.1,96,40,2023-01-23,,33
861296233427501,app002,北京,16.0,32.1,107,94,2023-02-19,2023-03-01,36
861233639882037,app002,广州,16.2,32.2,149,78,2023-02-02,2023-02-19,17
862606342428242,app001,北京,16.7,35.7,109,38,2023-01-14,2023-01-28,14
863765992677059,app004,深圳,17.5,34.4,91,62,2023-01-01,,2
861735639965960,app002,深圳,13.9,21.0,91,50,2023-01-19,2023-01-24,5
864884906736157,app004,深圳,16.8,41.2,60,116,2023-03-01,2023-03-01,17
867891313050594,app001,北京,21.1,32.8,127,111,2023-01-29,,37
867596722556500,app005,上海,25.8,59.5,148,107,2023-02-07,2023-02-14,7
868740410737686,app003,上海,27.7,57.6,128,31,2023-01-06,,2
864979004137444,app002,深圳,26.1,58.0,137,33,2023-02-17,,41
864418183259996,app002,上海,29.1,58.4,121,94,2023-01-21,,21
867739670408055,app001,广州,15.1,32.7,69,81,2023-01-29,2023-02-10,12
865408158725403,app001,上海,24.7,49.3,94,53,2023-02-09,2023-02-22,13
863597518088948,app001,深圳,24.0,52.5,68,107,2023-01-19,,5
866040463787068,app003,上海,19.3,35.2,136,58,2023-02-18,,23
868443650139902,app003,上海,14.3,34.8,121,61,2023-01-01,,41
868990173237099,app005,上海,20.7,32.0,60,89,2023-01-08,2023-01-31,23
866852686976977,app003,北京,14.8,25.8,50,76,2023-02-27,,22
866890677436951,app001,上海,17.3,31.9,100,124,2023-02-01,,19
861317766544619,app002,上海,22.9,44.1,131,105,2023-01-30,,4
866791276528274,app005,上海,10.1,21.2,71,123,2023-03-01,,14
866438728205300,app004,北京,24.4,58.5,143,125,2023-01-26,2023-01-30,4
860571643147360,app005,广州,21.4,46.4,141,125,2023-02-23,2023-03-01,9
868406908730180,app004,广州,18.2,29.9,142,98,2023-02-06,2023-02-16,10
865307491029849,app003,北京,5.7,13.2,124,79,2023-02-11,,1
867769486545498,app004,广州,21.1,39.0,50,120,2023-02-21,,15
860483852422427,app004,广州,26.3,42.8,91,83,2023-01-19,2023-02-19,31
863219211110123,app001,北京,23.6,45.3,67,31,2023-01-31,2023-02-05,5
862314927009833,app005,广州,16.3,25.8,61,80,2023-02-15,2023-03-01,17
864511797627469,app005,深圳,14.8,27.5,99,104,2023-01-03,,41
861749044372174,app005,上海,17.2,29.3,102,61,2023-01-28,2023-03-01,32
864121946322116,app005,深圳,29.7,55.2,89,47,2023-02-20,2023-03-01,15
867171064891483,app001,深圳,20.2,46.5,56,86,2023-02-15,,1
866907330137418,app001,北京,16.3,29.8,91,40,2023-01-31,2023-02-25,25
864898570556969,app001,深圳,29.6,71.5,91,53,2023-02-10,,22
862742808730926,app002,北京,25.1,53.5,149,44,2023-02-09,,2
860656253877664,app001,深圳,5.8,12.1,92,68,2023-02-06,2023-02-18,12
866679168764131,app002,上海,28.2,51.6,57,102,2023-01-26,2023-02-07,12
860412353635434,app002,北京,13.4,30.5,117,110,2023-02-18,,32
862992458608131,app001,上海,13.6,31.8,145,100,2023-01-13,,35
868120716306645,app005,北京,25.2,45.3,116,52,2023-01-10,2023-01-30,20
862908195825280,app001,广州,11.0,21.8,104,66,2023-03-01,,7
860871947092500,app005,北京,23.8,38.2,75,43,2023-02-08,2023-03-01,39
865473426052792,app005,北京,10.4,22.9,140,54,2023-01-02,,27
863825374489425,app002,广州,28.3,43.8,60,74,2023-01-15,,38
864786126730033,app005,北京,7.1,14.5,140,126,2023-02-02,2023-02-15,13
867969210934123,app001,广州,17.9,41.2,128,36,2023-02-01,,36
868898234681217,app004,北京,11.9,19.8,76,125,2023-01-28,2023-02-24,27
862653814122048,app004,深圳,26.4,56.8,126,111,2023-01-12,2023-01-16,4
860307720259286,app005,上海,17.6,34.7,142,102,2023-01-13,,12
868209495772523,app003,深圳,13.7,23.4,100,109,2023-02-08,,13
863447182414075,app004,北京,16.6,30.6,115,91,2023-02-05,,25
862754146338986,app004,深圳,15.8,24.8,119,63,2023-02-22,,45
868974793159806,app005,广州,12.5,28.7,104,117,2023-02-25,2023-03-01,40
867144113834122,app004,广州,18.5,41.6,53,86,2023-01-05,2023-01-12,7
864637968393701,app003,北京,8.5,21.2,71,37,2023-02-19,2023-03-01,24
869662925395690,app004,深圳,17.9,38.3,88,78,2023-01-20,2023-02-21,32
864492252646328,app001,深圳,20.9,38.7,58,31,2023-01-29,,15
864644568152668,app001,深圳,10.6,22.4,67,81,2023-02-21,,39
860839077450982,app005,上海,19.3,35.6,101,54,2023-01-16,,4
866904201530620,app005,上海,28.3,55.7,88,35,2023-01-16,2023-02-25,40
867353381048910,app005,北京,19.7,31.6,70,122,2023-02-12,,29
868600673651780,app003,广州,19.7,41.0,97,92,2023-01-02,2023-01-03,1
860120013640555,app003,广州,6.9,11.5,111,74,2023-01-23,,26
862420840810141,app002,北京,11.5,23.4,81,71,2023-01-28,2023-03-01,41
863121567744139,app002,深圳,28.0,60.8,108,125,2023-02-26,2023-03-01,14
860523226903127,app001,上海,29.1,45.8,125,124,2023-02-20,2023-02-24,4
867909095431185,app002,北京,11.5,18.8,74,119,2023-01-07,,29
861458477017752,app002,深圳,24.7,58.5,131,84,2023-02-09,2023-03-01,31
860408413420866,app005,广州,12.1,26.4,91,130,2023-01-18,,6
868666841641016,app001,广州,12.6,31.5,61,66,2023-01-29,2023-02-10,12
869301221797667,app001,北京,5.4,13.0,67,30,2023-01-16,2023-02-27,42
862468894210063,app001,深圳,9.4,19.7,78,130,2023-01-01,,12
860182568768666,app004,北京,14.0,34.0,131,105,2023-02-06,2023-03-01,33
869256984084655,app005,广州,19.8,46.0,101,59,2023-02-09,2023-03-01,31
861602704018089,app001,北京,20.2,42.2,96,36,2023-02-28,2023-03-01,9
861860249538094,app004,上海,15.4,27.5,124,82,2023-02-26,,17
864536952734592,app002,北京,10.4,19.5,110,73,2023-02-22,2023-02-24,2
860444618439862,app005,深圳,28.1,42.4,72,74,2023-02-21,,3
868201460377317,app004,北京,22.8,55.4,57,35,2023-01-27,2023-03-01,40
862832100924821,app002,北京,11.2,24.4,50,49,2023-01-17,,35
869216508761048,app002,上海,22.1,39.4,147,72,2023-01-15,2023-01-29,14
863466407507442,app005,广州,27.9,69.6,73,88,2023-02-13,2023-03-01,26
860634431718103,app001,深圳,15.2,32.6,131,56,2023-01-05,2023-02-18,44
860871539246956,app004,深圳,6.6,15.4,136,71,2023-02-02,2023-02-15,13
864152271976873,app003,上海,29.4,72.2,106,125,2023-02-19,2023-02-20,1
